id,price,volume,date
a7582136,57312,715,2025-09-17
62e4ed37,90375,344,2025-09-04
1e0b2671,23591,309,2025-09-13
81cc12a1,78687,233,2025-09-17
36dd2be3,55470,594,2025-09-29
96639214,95307,173,2025-09-22
ae591024,17847,584,2025-09-28
8ff6c0a2,48939,229,2025-09-18
f9e1a7ab,35873,705,2025-09-02
a60601ce,65580,245,2025-09-23
63673752,62498,366,2025-09-27
d7d36831,42065,423,2025-09-21
ba3f1b1e,31421,885,2025-09-06
dc35dd9d,38788,901,2025-09-09
da7e80c7,42239,393,2025-09-13
ae604d96,94728,172,2025-09-07
078267b0,52216,435,2025-09-19
9a32677e,19439,389,2025-09-25
56b6ae0e,60258,428,2025-09-22
8a2dff51,15942,501,2025-09-13
efa83337,60059,259,2025-09-12
22bb13d6,71461,439,2025-09-06
b6b484c4,32017,302,2025-09-01
f8e4f1ec,55560,233,2025-09-07
031f1979,18285,692,2025-09-20
534578bc,72797,949,2025-09-25
b421344e,40902,359,2025-09-26
81c87c07,59608,305,2025-09-15
42e2cddd,25466,501,2025-09-18
c76f749c,50593,559,2025-09-21
5f910485,93195,901,2025-09-18
8a307009,82877,47,2025-09-19
3dd60e29,24102,164,2025-09-08
9fe264d7,19378,988,2025-09-28
e3b2609d,25530,832,2025-09-02
a2ae99e3,55382,42,2025-09-06
4107d280,99109,372,2025-09-30
91fbd71c,37789,559,2025-09-21
2eb5ef94,77322,865,2025-09-30
b53f1e5a,46328,14,2025-09-01
b60293ae,52596,684,2025-09-01
53439e6b,89831,975,2025-09-22
639f13ef,35296,564,2025-09-23
206bbe18,31774,724,2025-09-05
afd096cb,96475,878,2025-09-03
b824a121,88191,683,2025-09-23
dc3805ab,13152,236,2025-09-26
eb2db911,31949,887,2025-09-10
cd9719db,82183,552,2025-09-18
8e21f1d4,17102,830,2025-09-28
da45fd58,55322,849,2025-09-16
2174e58b,73369,937,2025-09-13
f0d105fe,17408,320,2025-09-29
189b83b1,68063,436,2025-09-06
3d2f8526,32226,856,2025-09-19
7d94b874,79865,428,2025-09-30
a8cc9a5e,89365,984,2025-09-04
7375cb98,80414,675,2025-09-10
f6f06b86,41994,693,2025-09-23
c72608e8,96352,157,2025-09-08
106c37df,65545,952,2025-09-24
10fce344,81630,86,2025-09-04
15592b51,81536,153,2025-09-20
692f1e64,86795,284,2025-09-08
077b5fbd,11374,287,2025-09-18
4557cf57,73573,414,2025-09-11
f9c752a5,10823,576,2025-09-01
0e47f6ea,16654,251,2025-09-16
d21eb8e7,55943,314,2025-09-21
3ca82ad6,35260,271,2025-09-24
988c44d7,57334,858,2025-09-22
5d843d17,64458,41,2025-09-11
b4c1a7d5,88752,902,2025-09-25
bd74d83a,12578,357,2025-09-11
0d29e937,34514,371,2025-09-28
4c8d718d,22046,215,2025-09-27
32f58937,31956,542,2025-09-02
9b5b4fe1,66680,400,2025-09-02
a842e6df,22496,359,2025-09-20
7a903963,51230,940,2025-09-23
329f64a2,13585,396,2025-09-22
7d2de080,90076,264,2025-09-26
6e66e1c7,17157,581,2025-09-04
b6cc1f68,54518,617,2025-09-20
33047467,49469,359,2025-09-21
de32e234,89938,589,2025-09-20
dce2f36d,30976,34,2025-09-27
27bb298a,71862,206,2025-09-03
0d9ad384,31411,304,2025-09-12
f0b2a224,44199,643,2025-09-20
4a889bf2,66105,847,2025-09-16
a05e9202,25029,135,2025-09-30
ba869dd5,55349,62,2025-09-02
222811ce,70395,904,2025-09-23
6c999fb0,79924,331,2025-09-13
812aa6d7,14409,383,2025-09-08
67ec609a,33192,961,2025-09-11
5e8140bf,37696,445,2025-09-16
6429e8c8,16496,732,2025-09-04
08f742f3,39300,772,2025-09-15
9f8d02b5,66995,271,2025-09-05
d188d3b1,88158,820,2025-09-14
d8a67778,59591,532,2025-09-08
60379a23,70588,337,2025-09-02
433e947e,13001,277,2025-09-07
0e19a9ba,57032,670,2025-09-06
b989f085,45245,304,2025-09-02
d0b073ac,75452,588,2025-09-06
4ed91ff2,97088,570,2025-09-06
83140e70,77221,10,2025-08-31
1f998352,20435,815,2025-09-10
38b6ae4d,73267,26,2025-09-25
0cfb3187,21873,332,2025-09-02
309290d5,91355,949,2025-09-23
046998c0,53902,166,2025-09-18
3df6d367,96175,210,2025-09-20
bc346a26,46398,560,2025-09-22
63bb6227,61167,688,2025-09-18
c0b8d6fb,58773,948,2025-09-27
13181355,85089,61,2025-09-18
b5867c4e,81391,326,2025-09-22
d45e5b60,74165,21,2025-09-27
91c3dcdb,45449,146,2025-09-22
883698be,74339,164,2025-09-10
0ea0354a,99001,972,2025-09-16
8f617e18,45068,638,2025-09-01
ca505bbc,29546,706,2025-09-02
f06cb699,94058,811,2025-09-24
99bdf29e,73992,740,2025-09-25
4938ece4,25721,211,2025-09-25
cdba6994,46461,901,2025-09-15
7164790f,62983,504,2025-09-07
5efdce59,71900,137,2025-09-05
7477e23f,54797,148,2025-09-27
36f7e602,61034,713,2025-09-20
baea655e,52586,436,2025-09-22
9b3b2e77,37816,680,2025-09-27
d5ebde1c,28128,323,2025-09-24
e16e5da0,74287,403,2025-09-02
3bf42fe2,81797,349,2025-09-08
902bfa8d,31378,953,2025-09-11
800bc7a0,80961,866,2025-09-26
53978278,67376,593,2025-09-03
b2c98111,24795,228,2025-09-09
012c6de4,18898,641,2025-09-21
388727af,36664,722,2025-09-06
de1288fb,70295,770,2025-09-25
c2933e55,58481,793,2025-09-28
ce6b739f,81506,792,2025-09-25
bad6aae3,73475,593,2025-09-16
44047e61,73610,858,2025-09-02
b81cbcd8,62738,318,2025-09-26
f2fba9b4,83527,994,2025-09-02
b9196e0a,84426,44,2025-09-22
44603355,86568,888,2025-09-23
032e9911,88732,366,2025-09-13
57092b9a,99079,526,2025-08-31
56150d98,33990,318,2025-09-01
f4600879,93452,881,2025-09-17
07bb73fc,64542,990,2025-09-21
e6a26d33,99053,614,2025-09-27
99837cd5,89851,433,2025-09-10
3ce2eb13,50741,46,2025-09-23
e60b9c12,77997,397,2025-09-05
a37722e9,89605,978,2025-09-03
506b6850,65030,57,2025-09-16
58fb60ee,74652,124,2025-09-23
576c2d0e,24467,165,2025-09-10
68c7e134,69350,256,2025-09-11
523b7237,46746,692,2025-09-05
60f53697,15963,869,2025-09-19
35c10572,79841,361,2025-09-08
9affdaaf,60021,355,2025-08-31
5be2ff3f,53860,226,2025-09-21
f51e179d,91366,744,2025-09-17
d3c1311d,34145,703,2025-09-11
d13fecfe,35323,621,2025-09-01
3ccad338,53713,529,2025-09-02
1225853d,41355,741,2025-09-24
29136b2b,33754,837,2025-09-01
bf36bf3e,28435,465,2025-09-13
96ef075f,41030,16,2025-09-24
1b4b6d73,76288,825,2025-09-01
4b8f6bb7,93133,879,2025-08-31
6714c5d2,86092,513,2025-09-02
d880b1fd,11070,677,2025-09-02
b3d88a6d,73930,184,2025-09-03
34fac2f1,57248,441,2025-09-21
9bfe6c05,38436,629,2025-09-24
a587701f,95767,31,2025-09-02
d3703838,99262,272,2025-09-06
633f4ad0,54716,287,2025-09-28
3db6149e,96527,704,2025-09-06
ac5e2561,48441,371,2025-09-07
a88fa88a,42952,285,2025-09-08
a46b622c,27777,179,2025-09-19
2679d53c,62535,347,2025-09-21
a3db33e6,75957,183,2025-09-07
c6535523,19479,49,2025-09-26
8baf5fa4,99762,125,2025-09-17
e3a58524,78662,454,2025-09-11
5bd7f062,12737,727,2025-09-02
5ddc3886,57700,536,2025-09-05
56788ad6,30909,440,2025-09-09
f2fa2312,24290,377,2025-09-29
ac68d859,82136,405,2025-09-16
ccabab70,48550,346,2025-09-24
63e6c4ec,46358,405,2025-09-20
6bccde06,45567,237,2025-09-15
73a26233,40715,963,2025-09-02
5cc22d1f,20635,874,2025-09-20
b3c60c14,10724,614,2025-09-09
6698d126,54221,841,2025-09-11
488fe0d3,67715,407,2025-09-13
9dbf1033,21937,751,2025-09-03
7261df07,99750,714,2025-09-17
5dc7a1ae,54218,712,2025-09-23
82e6c004,61358,421,2025-09-10
1a136fd0,83418,456,2025-08-31
31d9fc22,94515,352,2025-09-12
c5a87c7a,32067,706,2025-09-07
f74caf44,63280,599,2025-09-10
7cdf047b,59421,434,2025-09-01
25cf70ce,60139,878,2025-09-27
47e18762,60143,463,2025-09-22
0f608306,27935,50,2025-09-23
ec9065c1,50569,830,2025-09-20
fb8b4b78,91794,479,2025-09-21
d7abcafc,95877,991,2025-09-02
60724667,41942,434,2025-09-30
c6c529c4,65310,495,2025-09-14
bc3ae6ba,81959,630,2025-09-07
5d584f07,77984,453,2025-09-04
cc29d6f9,42755,540,2025-09-02
805a7d29,14161,440,2025-09-23
e60a0f64,74239,334,2025-09-29
90569598,50888,787,2025-09-18
06244417,17866,505,2025-09-15
db8636c1,44323,802,2025-09-08
b4a1dee8,58958,386,2025-09-17
87943e7d,50605,782,2025-09-12
1be058b2,60248,177,2025-09-22
d67915dc,99937,811,2025-09-23
40364b8c,19228,415,2025-09-29
dfc9c66b,76802,742,2025-09-19
83ad327d,19973,811,2025-09-01
be464388,69108,656,2025-09-03
4d5c5121,74020,445,2025-09-20
c2720c11,45680,939,2025-09-03
113beaac,48685,273,2025-09-28
f8aec564,95777,701,2025-09-05
947a403d,16574,130,2025-08-31
2732acf5,70417,30,2025-09-03
bf70b4c9,60493,666,2025-09-20
445297d3,55388,79,2025-09-26
1e936e17,42871,176,2025-09-22
f8c85b9b,12037,384,2025-09-28
57a0c178,88515,220,2025-09-11
f049f13d,63511,988,2025-09-13
1ce6f8b8,45505,671,2025-09-18
fbed1447,98925,492,2025-09-23
5f0cde85,76323,521,2025-09-19
7f24ca37,91724,316,2025-09-17
f5bd05f0,44471,234,2025-09-30
5e6854f3,37308,402,2025-09-20
7447369d,88350,722,2025-09-05
ec1053dd,53920,474,2025-09-01
493b8a18,14204,994,2025-09-27
0e5e4a05,56362,979,2025-09-23
521b59a8,92442,756,2025-09-29
c3b711fe,24635,266,2025-09-29
62bf465f,79024,121,2025-09-24
ef096d58,80388,684,2025-09-04
f2555222,62958,102,2025-09-26
dfb12572,91594,646,2025-09-29
8008dc8d,83271,18,2025-09-27
6c9e2ff6,95636,547,2025-09-06
3788fd98,16771,448,2025-08-31
6f8dbab8,53664,564,2025-09-25
22e750b9,86914,741,2025-09-13
7cd16e95,68344,193,2025-09-24
85fd58db,24858,268,2025-09-12
ee1347c2,72451,107,2025-09-01
c0767a2a,61075,277,2025-09-06
0f505e57,25798,815,2025-09-05
9923ea13,33703,828,2025-09-29
481ea83f,15386,250,2025-09-22
dfbb5556,77184,441,2025-09-11
8f72f4ed,22712,947,2025-09-29
0e8be1dd,71988,945,2025-09-16
93cb944d,22568,332,2025-08-31
3dbe07fb,54312,324,2025-09-28
b177df26,48969,975,2025-09-12
933f4fc7,36126,217,2025-09-07
75728cce,91796,402,2025-09-04
268ddf4a,40863,743,2025-09-23
2f77ef28,10747,597,2025-09-11
db702ec6,37170,868,2025-09-04
24ac670e,88708,407,2025-09-21
339337f4,67404,603,2025-09-11
75e8e590,10178,247,2025-09-30
bfaabfc1,20241,534,2025-09-10
797fbe6a,23358,522,2025-09-27
28df754b,58912,376,2025-09-04
d4b09cff,19845,1006,2025-09-11
5109a96a,19486,89,2025-09-13
2b3da2ff,44451,46,2025-09-17
64a7f1ab,10337,973,2025-09-02
4996cb5e,24461,377,2025-09-07
7ce4e091,23987,557,2025-09-12
3cef046b,57386,123,2025-09-04
3438fb14,68702,784,2025-09-11
4d978c2c,87732,990,2025-09-23
8719b43c,65711,150,2025-08-31
ec93451b,20267,789,2025-08-31
6749f8a3,50767,156,2025-09-15
a7bfce43,91185,909,2025-09-05
f5bd87e3,81188,139,2025-09-14
94c55bbd,85555,831,2025-09-23
9068f690,83375,944,2025-09-13
0c30d272,85835,345,2025-09-17
81f7f14e,55694,95,2025-09-08
3d27d530,80878,46,2025-09-19
4ab7ff12,83062,609,2025-09-23
7233a1cb,44039,774,2025-09-05
c1b657c7,77751,587,2025-09-14
6f1a64c2,24674,288,2025-09-14
5ce03a14,26222,104,2025-09-12
ad2ba641,95506,816,2025-09-11
84fa4008,38073,77,2025-09-08
0c0b5a86,81386,138,2025-09-24
2439654e,54239,735,2025-09-08
f4abf7f6,64781,134,2025-09-17
f6061c4d,15410,261,2025-09-01
ea9c1066,54928,913,2025-09-29
19d88323,11589,795,2025-09-17
1d1c5b71,44418,982,2025-09-04
ba1b5075,39320,352,2025-09-01
30ddfe81,90564,961,2025-09-20
604485c5,73522,78,2025-09-09
d30125e6,13564,690,2025-09-09
d0e7465c,20526,818,2025-09-28
17247ec2,47577,537,2025-08-31
33b37348,72417,429,2025-09-24
2c0aa0c9,36097,863,2025-09-30
2f73a8a6,72007,444,2025-09-11
c81c26e3,38367,710,2025-09-24
251e3f79,90466,941,2025-09-10
feb291d9,28231,219,2025-09-28
c358e79a,98192,340,2025-09-28
43a994b5,32450,632,2025-09-28
6d72420f,79649,478,2025-09-15
bc6b244d,93410,506,2025-09-22
c572b7b9,95026,811,2025-09-30
0ee2390b,75236,483,2025-09-10
a7ec0315,43781,864,2025-09-23
899bec5c,47114,697,2025-09-16
987ff74d,40270,14,2025-09-21
a58ab797,20334,45,2025-09-05
71ab8e48,42236,748,2025-09-21
9cae2bcc,86397,188,2025-09-19
d0c0cb2e,20488,200,2025-09-22
a8547a57,72558,634,2025-09-05
72fe36a7,87009,66,2025-09-14
d5466389,78589,507,2025-09-14
37a12d2d,68956,511,2025-09-12
a1e4a43f,43456,536,2025-09-08
34d762ca,70977,834,2025-09-06
26916ab5,45050,701,2025-09-30
1d7d7e97,14014,518,2025-09-17
ff781aa9,62624,15,2025-09-07
c5983314,68072,397,2025-09-14
b8e62e5e,27848,97,2025-09-28
33c4ea98,21090,498,2025-09-09
29cd493e,78027,363,2025-09-20
185369e2,33435,805,2025-09-17
c4cd5227,12747,880,2025-09-07
8b647921,55702,527,2025-09-26
ddae5691,34684,108,2025-09-28
e71cb106,44856,822,2025-09-15
f8585ba4,35484,43,2025-09-29
1f6ff8c3,62802,804,2025-09-08
0c569657,86495,25,2025-09-20
acc42ba5,62210,977,2025-09-15
52a98062,77857,933,2025-09-13
d6408541,62644,189,2025-09-08
3e67015e,10640,467,2025-09-27
ab0c9202,54348,516,2025-09-15
7514f47b,56538,970,2025-09-08
dbc9fc78,99875,162,2025-09-25
6be04105,76555,326,2025-09-25
351e6d8f,64528,713,2025-08-31
1ab28dd8,64822,577,2025-09-06
c2694546,51963,299,2025-09-21
52123bbc,70600,234,2025-09-07
d4f93c9a,22510,219,2025-09-01
47212ec2,69671,335,2025-09-05
c36e6028,53411,222,2025-09-28
a317e63b,79875,164,2025-09-09
3f92b17a,23106,973,2025-09-25
aff24cc0,70407,586,2025-09-12
866791b7,65796,612,2025-08-31
b558b758,27586,450,2025-09-12
fa2c1f60,52970,207,2025-09-02
bd5fdaba,27670,714,2025-09-18
ab94ee6f,78275,130,2025-09-27
1c2fab18,10208,1002,2025-09-11
c9d3fb34,38665,779,2025-09-25
57e2af8e,35460,164,2025-09-22
b46a3c74,79851,452,2025-09-10
4a543974,79133,371,2025-09-08
47452f1b,12382,452,2025-09-14
ef80615d,26968,883,2025-09-02
ab760a17,96570,161,2025-09-07
371d9a5e,63344,810,2025-09-03
d0138c62,77519,514,2025-09-19
387b91f8,48664,982,2025-09-24
61380cf2,26225,995,2025-09-08
7bbd4508,67957,967,2025-09-26
f73a8ec4,51864,311,2025-09-14
20167b3f,95429,42,2025-09-04
1b57b5a4,81246,682,2025-09-27
3f92bb5e,14521,472,2025-09-09
b3cb0b55,56531,62,2025-09-10
71589141,26460,479,2025-09-15
fbdd520e,45954,290,2025-09-22
5ac8b200,21799,431,2025-09-21
29172a9f,42786,984,2025-09-05
e30bc0d3,79496,493,2025-09-21
605a82e6,96307,55,2025-09-12
1caf885c,90079,518,2025-09-29
b09013a0,13749,437,2025-09-04
2c671be3,74250,623,2025-09-07
a7c9fb0e,55279,701,2025-09-17
d227df8e,53977,6,2025-09-27
b17bf554,18048,725,2025-09-23
4fa775b7,66437,803,2025-09-28
bc4a68a4,59048,667,2025-09-14
cedc870b,42361,337,2025-09-03
ca364539,29497,26,2025-09-03
e8c91dcd,10855,785,2025-09-30
77749862,45427,856,2025-09-25
a181c213,25415,532,2025-09-22
aac01229,35644,117,2025-09-16
d2c0b343,80872,73,2025-09-08
d50712eb,44921,557,2025-09-05
1dd23aaf,36809,633,2025-09-25
26210746,35589,182,2025-09-17
96c0ef09,63978,478,2025-09-14
01ed58bf,12173,49,2025-09-16
48fbef87,15269,559,2025-09-13
238c240c,48122,172,2025-09-15
80b7aec8,63285,755,2025-08-31
55148772,27224,95,2025-09-04
1c354e47,30058,286,2025-09-14
2c4943a2,71493,904,2025-09-23
80b7e4f6,76607,118,2025-09-07
d46d9d8a,37622,677,2025-09-25
fbfa14df,89396,640,2025-09-17
a4b6810d,52051,40,2025-09-05
da24a4ca,70420,641,2025-09-29
d00def87,80399,321,2025-09-07
421320ec,25737,583,2025-09-16
75ec4089,18230,821,2025-09-12
950ea46e,96783,60,2025-09-15
4c6c2ecd,25993,512,2025-09-01
7360f489,53221,629,2025-09-13
9bba60c1,59277,14,2025-09-04
059cf945,41525,575,2025-09-30
315b1ad6,55289,229,2025-09-05
a40ed569,86201,242,2025-09-19
753b9f1b,45958,887,2025-09-13
42b7b9e5,78211,606,2025-09-21
3807cfac,94171,753,2025-09-13
7e296727,60036,656,2025-09-27
4efdbc56,45770,389,2025-09-21
c6c2d7bb,92646,864,2025-09-10
bc48ba98,43641,409,2025-09-04
3293b017,65110,385,2025-09-03
c41795d3,53919,181,2025-09-19
4cff6ac5,20729,65,2025-09-05
d49a40f0,36762,408,2025-09-09
39695ae5,24450,179,2025-09-30
c952a8ea,38360,818,2025-09-04
04ea1d18,81037,339,2025-09-02
dc324663,56092,248,2025-09-10
d9b17da2,21531,598,2025-09-10
a2bb271f,15367,455,2025-09-08
d0c215a1,43516,961,2025-09-15
79620235,30226,71,2025-09-03
f761c856,89690,11,2025-09-27
4a733125,56415,699,2025-09-09
cc677a7e,87506,999,2025-09-16
2395924e,16910,237,2025-09-11
cd7c769e,67728,237,2025-09-30
305911c0,89447,361,2025-09-22
a0b71578,13511,571,2025-09-11
1f40895b,17186,785,2025-09-19
73945572,58027,37,2025-09-16
9b7e11c9,14925,824,2025-09-13
33a56ce9,87204,515,2025-09-27
65ccd8c4,77002,641,2025-09-27
99ab6f73,82918,422,2025-09-09
55e2e129,52431,855,2025-09-05
6cf4cc93,84963,388,2025-09-21
ad8ca746,33477,147,2025-09-16
ce2430f3,82386,807,2025-09-03
17ca67e3,32547,719,2025-09-22
66f02a85,39588,953,2025-09-20
badb8ef6,52949,331,2025-09-26
991992f2,66039,475,2025-09-03
1f12d847,17111,609,2025-09-11
5e5705cd,72434,266,2025-09-13
a65060d4,91896,795,2025-09-20
87586a6e,69310,795,2025-09-17
7a11b4ca,12462,846,2025-09-28
e090c601,36830,283,2025-09-21
6dec1524,89871,745,2025-09-12
97f6e21a,83176,586,2025-09-07
a768f502,45495,362,2025-09-13
d1a0ab76,52048,765,2025-09-27
30bc328f,21572,787,2025-09-29
4845dab2,67678,355,2025-09-20
0784c0ac,46923,236,2025-09-17
50181c2e,99660,290,2025-09-16
99fd7413,22233,131,2025-09-24
ff0d632d,65427,827,2025-08-31
59a61da0,38315,163,2025-09-28
69f83baa,74028,153,2025-09-23
ffdd438a,15504,459,2025-09-03
54aaa16a,32585,551,2025-09-09
ecb8a12a,56806,576,2025-09-27
4c2432a8,29684,548,2025-09-14
28545048,67243,98,2025-09-29
14dc4f96,71661,913,2025-09-19
eabc8469,30504,971,2025-09-03
d26cf4ff,18488,138,2025-09-10
36895008,13055,356,2025-09-17
d5fd9599,83596,682,2025-09-02
e2cec361,10528,113,2025-09-12
54d4871b,85320,89,2025-09-17
bd8e797a,59094,453,2025-09-10
e5df1578,34821,860,2025-09-03
51091c1f,82121,22,2025-09-18
57ff73bc,53225,666,2025-09-01
1aac23a6,38981,551,2025-09-05
86c059a9,60180,788,2025-09-01
731b1b03,49347,167,2025-09-04
7766900a,61171,707,2025-08-31
d8dd30fc,90391,253,2025-09-14
bb9d5de3,61664,755,2025-09-30
42bcd230,41521,401,2025-09-28
7843521d,92433,737,2025-09-23
3fa0eb41,69559,807,2025-09-11
b3453d69,50115,415,2025-09-16
1a336ce9,36023,846,2025-09-16
23239f86,93221,667,2025-09-07
fde8ffb1,19840,446,2025-09-10
fc901dd2,56317,497,2025-09-25
59342ecc,68552,466,2025-09-21
d3ee61bd,19969,11,2025-09-04
963f1467,86337,886,2025-09-23
a160488a,89703,274,2025-09-30
2ec8850f,84898,448,2025-09-23
0a9b3046,11063,890,2025-09-03
d361d4b1,75309,825,2025-09-04
3e5b2884,93687,387,2025-09-03
ab26fb68,63342,610,2025-09-19
9b599aab,56232,136,2025-09-10
6b8112a5,99284,343,2025-09-12
c50ec71f,23771,538,2025-09-20
25cba015,65492,62,2025-09-13
180bddf6,58661,929,2025-09-27
c98c9e2e,75433,856,2025-08-31
796ad1ee,16630,776,2025-09-08
e0342bb4,28671,565,2025-09-03
3bf1ae0f,42974,440,2025-09-28
eb598fbf,86346,320,2025-09-15
bb1dbd7d,60869,303,2025-09-29
4c796c98,86546,242,2025-09-30
160e865c,11640,185,2025-09-08
ce44dbcd,84390,229,2025-09-15
a4f5bdb7,63956,967,2025-09-25
8666a6cd,31584,378,2025-09-20
b95788b1,83287,81,2025-09-12
e6559a1d,85189,734,2025-09-21
f56f2375,23239,651,2025-09-14
59e6148f,11086,642,2025-09-12
2d8d434d,98475,232,2025-09-13
fb96ee23,17202,488,2025-09-01
7a892207,56772,294,2025-09-04
5300b2ea,78153,105,2025-09-11
0975521f,97266,972,2025-09-17
66794b92,61941,529,2025-09-09
8b3e3031,64732,504,2025-09-24
078195d0,13759,792,2025-09-30
5e96c898,70587,568,2025-09-19
8c0109d1,92189,424,2025-09-05
8eeae8e2,80154,288,2025-09-16
094c8cc1,66687,757,2025-09-05
5b795719,52644,701,2025-09-25
c5b4dc09,33820,322,2025-09-08
11e4cafa,41522,54,2025-09-29
61cd4733,68480,31,2025-09-16
613e58ab,33025,604,2025-09-07
c7112eb6,51489,581,2025-09-11
30afbc69,74566,468,2025-09-14
b5def880,64905,25,2025-09-13
a56b7d92,12617,743,2025-09-30
7411aeff,102512,500,2025-09-04
72cdb664,44364,764,2025-09-25
968adabe,71554,894,2025-09-16
fb88cbcc,64287,125,2025-09-07
64515b90,71531,749,2025-09-03
e3c9813a,70829,485,2025-09-14
1c7d9e1c,82589,726,2025-09-14
9833442d,12101,553,2025-09-22
8e914f52,14571,373,2025-09-22
69271b0c,65546,726,2025-09-22
8fea25d8,61493,675,2025-09-11
b6c71a11,24036,204,2025-09-10
c9f2073a,63629,673,2025-09-20
a7802614,98925,528,2025-09-07
42f213f0,28153,545,2025-09-03
549437cb,98992,127,2025-09-17
230e4f53,17357,624,2025-09-22
5c97c27c,69204,806,2025-09-05
8a17a191,41870,284,2025-09-04
d033d341,15793,392,2025-09-03
89fce7d1,58478,123,2025-09-07
75c29bd8,39928,135,2025-09-06
b808c549,96502,264,2025-09-20
6465c12c,32713,273,2025-09-08
744ab88c,89758,535,2025-09-16
cbc6ecff,92674,664,2025-09-13
8ba0cc18,82979,96,2025-09-02
134adf09,56367,16,2025-09-16
1b36f34b,54777,740,2025-09-21
254465c3,91070,387,2025-09-23
eee5a318,21805,473,2025-09-28
836ceec2,50977,426,2025-09-17
29910c81,21825,849,2025-09-11
5f7e0647,74101,914,2025-09-19
0760e1c9,98821,190,2025-09-26
cd42afb3,33159,18,2025-09-15
d71b00b1,70445,720,2025-09-19
ac90f4ee,56233,138,2025-09-07
db0ea97b,29834,584,2025-09-13
f4fabb64,86330,336,2025-09-02
8c994688,48762,763,2025-09-17
615bf59a,35761,742,2025-09-03
081087bb,76036,960,2025-09-08
eda32664,99985,165,2025-09-22
c316f16b,69902,584,2025-09-03
ccd15edf,29415,926,2025-09-13
6c3fd94e,38172,14,2025-09-12
f0d04e7f,48740,500,2025-09-17
f2dc1ece,92382,507,2025-09-17
c934eef3,81529,378,2025-09-01
f41c1698,51435,789,2025-09-19
04f3ff58,62880,265,2025-09-25
78730555,54996,65,2025-09-15
885ac1be,57124,770,2025-09-25
0e068880,89456,171,2025-09-06
baf83bd9,30633,30,2025-09-28
af6522a5,33260,341,2025-09-09
3f6193e2,32951,342,2025-09-23
6417dfcf,67365,141,2025-09-03
a8260846,41150,222,2025-09-20
19714167,66943,713,2025-09-28
170a8ad5,60227,623,2025-09-24
6f9f2147,58827,791,2025-09-26
8d5d85b1,83349,285,2025-09-19
e5d76f86,59229,732,2025-09-24
c19505e1,84139,722,2025-09-27
21dd0735,92036,765,2025-09-21
7140639d,63007,520,2025-09-30
0cbcfbac,24764,507,2025-09-28
c91fa4ae,38640,430,2025-09-22
6ade8974,38054,414,2025-09-01
d62f0698,11776,224,2025-09-08
84a26107,54808,148,2025-09-21
20ebf9d1,30174,617,2025-09-13
4c5c6a40,45708,135,2025-08-31
d0b5eaa9,41795,294,2025-09-30
3ee5eefd,72531,522,2025-09-01
b382782f,26675,661,2025-09-07
4e62e9aa,77510,668,2025-09-06
c8bbd8bd,39921,245,2025-08-31
b4a74fd5,38669,916,2025-09-06
578c5ad6,55215,110,2025-09-07
b896620f,67636,46,2025-09-30
fb8028c4,98124,779,2025-09-17
18459b6c,50932,967,2025-09-07
111b861f,72400,869,2025-09-13
7fe0360f,67603,896,2025-09-01
ed2a5d94,49024,163,2025-09-28
fbd42be7,54029,81,2025-09-17
16257558,59274,32,2025-09-29
9198889f,87799,377,2025-09-28
a79a09c0,52973,844,2025-09-26
f4ca5138,60985,996,2025-09-05
c8382a89,34168,525,2025-09-08
82e4f44a,50880,317,2025-09-28
ec8eb53d,39226,819,2025-09-15
05049db4,43736,291,2025-09-27
be44dec4,94888,488,2025-09-24
5d7c2892,60398,200,2025-09-06
dda61ada,72363,946,2025-09-14
9924d43d,23849,811,2025-09-20
9d8564f0,97505,440,2025-09-17
fb49f273,55718,789,2025-09-27
e11cf6c3,53729,865,2025-09-16
46c631d5,82871,491,2025-09-28
69de1329,96720,639,2025-09-23
fad5b6a2,46011,380,2025-09-02
9a2173a1,32459,624,2025-09-22
b7d44778,88626,889,2025-09-02
1e096ffe,60719,78,2025-09-09
08673eaa,34263,825,2025-09-04
83d485fc,88866,615,2025-09-04
1b3782e9,20474,270,2025-09-09
a5945563,15845,545,2025-09-01
6c116e5d,43957,706,2025-09-23
76f057c8,45763,982,2025-09-27
695be599,65425,990,2025-09-12
2a7cd145,26478,676,2025-09-05
3b3e8c97,51609,984,2025-09-25
bf134a49,65425,406,2025-09-29
80ef030c,45691,462,2025-09-06
e2489ce7,58735,137,2025-09-09
f1015cf2,21724,371,2025-09-10
4608c881,33454,636,2025-09-26
e4bed59c,47895,616,2025-09-04
168b55e3,24380,716,2025-09-26
c3838e45,70901,235,2025-09-15
c468da1f,79880,507,2025-09-28
937a3b44,10599,634,2025-08-31
ec3b7f3b,49597,496,2025-09-09
5028828c,47097,554,2025-09-07
f5e94210,23801,41,2025-09-16
c3ca04d0,14555,104,2025-09-12
d93b7d32,23646,812,2025-09-25
1381414e,14117,25,2025-09-27
4f4f85df,99397,592,2025-09-17
f100ecac,24166,555,2025-09-20
d87099d0,23277,692,2025-09-07
eb36a317,83827,459,2025-09-26
d9a43852,25463,498,2025-08-31
2f67a9bc,98444,711,2025-09-08
82136a67,74821,23,2025-09-26
f704249d,50867,783,2025-09-20
89dd6657,69582,935,2025-09-06
95913626,57760,226,2025-09-01
6a59f712,79391,575,2025-09-09
36f9a94c,95515,813,2025-09-19
5f45003f,10633,211,2025-09-22
d89e4f91,35671,658,2025-09-05
78973a61,88389,45,2025-09-11
c1892216,71031,477,2025-09-24
494b9fcf,77247,30,2025-09-17
7e35dfd8,96025,919,2025-09-18
26e4a29b,55707,210,2025-09-05
f52ff139,30880,989,2025-09-27
d6a0bc4c,22141,549,2025-09-02
485c312d,17478,589,2025-09-17
3cfe2e27,39078,978,2025-09-28
b64dcec3,16496,45,2025-09-12
35a91b6c,23357,494,2025-09-14
6626c434,85994,27,2025-09-03
6a7f550e,49218,341,2025-09-06
b094dfd8,69162,843,2025-09-02
37086ce0,90267,727,2025-09-28
a3269c97,48204,883,2025-09-26
99c0f52e,55723,877,2025-09-09
fb554de2,34756,240,2025-09-11
aaf7c82d,19206,447,2025-09-16
8b0662d9,49701,212,2025-09-14
88be12d2,56066,795,2025-09-01
f69a5be5,72091,22,2025-09-26
e18db936,70917,760,2025-09-03
30e60ceb,26117,340,2025-09-26
bed4a7db,81077,111,2025-09-17
0814373b,87656,317,2025-09-29
0fae952c,89422,705,2025-09-08
4beef2c2,18103,462,2025-09-23
8e65af7b,27312,598,2025-09-09
b413d960,22294,577,2025-09-08
43b05448,49408,713,2025-09-04
5cb31147,35937,493,2025-09-05
c03700b6,34095,846,2025-09-19
c7a610ac,56881,326,2025-09-06
7d91f260,44353,482,2025-09-13
50fa99bb,23835,853,2025-09-15
52624ed0,49432,147,2025-09-03
cd54b663,70630,766,2025-09-04
c19cfcea,63137,647,2025-09-09
cdc7148a,22003,542,2025-09-16
347d6bbe,31759,878,2025-09-26
44b45870,71587,508,2025-09-06
5b402e66,71451,891,2025-08-31
e2b10420,51936,48,2025-09-04
b4cbfcb8,13993,868,2025-09-14
aaa1938c,66345,835,2025-09-30
78f64dd2,62708,3,2025-09-05
6415ea89,57635,718,2025-09-19
870fc3d7,78747,571,2025-09-17
43a07011,86781,446,2025-09-22
e4bf6666,56937,534,2025-09-19
86328c60,82960,543,2025-09-06
1bd62fac,14622,292,2025-09-24
71e4a1a3,57419,620,2025-09-21
e63bec38,58278,734,2025-09-18
a9ae27d7,59253,1064,2025-09-01
4d731bcd,27718,818,2025-09-08
9a550c90,36455,452,2025-09-26
38f5cf83,70320,509,2025-09-13
94c39004,87219,657,2025-09-29
b49df197,45842,481,2025-09-11
cc500d1f,66124,426,2025-09-20
57d616e3,50670,841,2025-09-12
c2bdc180,106960,489,2025-09-09
3e0c4f8d,59850,415,2025-09-26
2826c955,50947,22,2025-09-21
588d2be9,95181,256,2025-09-26
a586ebc5,40927,216,2025-09-19
2ea83c80,17309,296,2025-09-26
13070677,91767,598,2025-09-24
ac707640,66736,955,2025-09-23
61b6b34d,11426,155,2025-09-21
decc2e20,87513,659,2025-09-23
70909e55,60433,971,2025-09-05
2bc71c12,40163,555,2025-09-06
11d62445,40670,948,2025-09-26
216fe0d6,55184,326,2025-09-04
5b10fb49,55198,807,2025-09-03
a250f8c5,89317,978,2025-09-05
127ceb98,20661,671,2025-09-28
49c2d52e,89747,929,2025-09-15
dc75f866,77587,323,2025-09-28
9a3b8896,68075,223,2025-09-18
f4477ede,56488,300,2025-09-23
e45be3ec,87616,836,2025-09-01
0d21418f,27733,727,2025-09-27
980a5520,40209,613,2025-09-18
b4ac82ae,78507,843,2025-09-26
e730b793,45539,358,2025-09-27
c59850e1,18139,260,2025-09-04
4b7e5a28,39115,131,2025-09-23
1495c0be,25236,264,2025-09-07
f5770afa,97546,807,2025-09-21
73629361,65964,39,2025-09-06
c1fa9ad3,17886,461,2025-09-07
36854410,10247,764,2025-09-26
51fbb9dd,12427,325,2025-09-19
d68514dc,11368,657,2025-09-29
93942b39,38105,727,2025-09-25
eccb012e,95535,494,2025-09-04
c7ad79b5,91537,638,2025-09-26
5221363f,41476,948,2025-09-17
01c80e97,18763,809,2025-09-13
ef380c10,74817,236,2025-09-03
203e4615,31356,776,2025-09-27
e6fc18c8,94391,231,2025-09-08
fb31b157,70858,691,2025-09-10
de6b1d01,93871,371,2025-09-13
55c07a7f,61850,233,2025-09-06
3d2ef228,76250,113,2025-09-06
09f7ba23,33217,604,2025-09-18
067a598c,37381,300,2025-09-05
bb9aa164,17057,47,2025-09-07
7445469e,37505,923,2025-09-08
1836ddcd,63757,282,2025-09-16
4d9bce52,67728,19,2025-09-15
253dd4ba,66459,274,2025-09-24
184e7959,11749,630,2025-09-25
7f6e1ef5,62922,581,2025-09-30
b1bc844e,50968,963,2025-09-25
e3b789e8,32117,729,2025-09-15
75863677,95695,149,2025-09-24
6f6e09b2,63246,55,2025-09-25
bc3a4a0b,22947,850,2025-09-05
790587a6,11766,615,2025-08-31
36d10d4a,81212,324,2025-09-01
3e94eb20,11243,739,2025-09-11
4f4fd7f7,18722,753,2025-09-29
0d620aee,86497,248,2025-09-04
4c7a2c93,69077,790,2025-09-16
fb049089,32722,856,2025-09-12
802c854a,15628,611,2025-09-05
546efde8,24213,931,2025-09-23
0c41a97e,38038,581,2025-09-07
c97d7767,21728,944,2025-09-06
99abce11,51891,298,2025-09-18
163550e6,13997,317,2025-09-03
1a8d35f8,45669,18,2025-09-01
46dc84a6,65868,921,2025-09-02
017958f8,40417,820,2025-09-27
591b00e7,63415,718,2025-09-22
2b7d2d33,40605,769,2025-09-17
31d6c3bf,84285,502,2025-09-03
6342e5df,72280,38,2025-09-24
3ca2cc85,84322,851,2025-09-10
8d04f493,65680,479,2025-09-21
461f434d,58806,356,2025-09-12
86c670d8,83487,193,2025-09-18
77c99006,46119,976,2025-09-07
1e43e5da,29468,920,2025-09-20
f2d0dfa8,54776,256,2025-09-22
9dbc22a0,39389,98,2025-09-17
7d49ac59,29294,803,2025-09-27
c38900a9,81025,308,2025-09-14
f1bf06d2,94349,906,2025-09-22
5f9695f1,36390,425,2025-09-17
3e28e919,29770,216,2025-09-24
1db6b54a,47516,224,2025-09-11
7d454f35,72603,512,2025-09-16
14ea6cab,25252,865,2025-09-17
420b3300,24572,518,2025-09-01
cf09777f,28190,235,2025-09-17
2eb23a28,92470,772,2025-09-27
7bb8cd8d,74955,768,2025-09-02
15002464,25910,312,2025-09-30
db7e85ac,14780,120,2025-09-19
60a360ae,81642,944,2025-09-25
93f5b1f8,99386,572,2025-09-12
84321616,78863,992,2025-09-09
382bc455,75350,200,2025-09-21
b913b325,10931,123,2025-09-16
dcac5518,22986,532,2025-09-18
3a22ee44,48533,253,2025-08-31
3b434b0c,32019,229,2025-09-12
c305b94d,34241,867,2025-09-06
44f0bb8a,85720,39,2025-09-15
1c9756ba,80736,414,2025-09-09
f176f953,17016,984,2025-09-05
7235bc4d,47839,242,2025-09-03
2ba0998d,67120,468,2025-09-27
8f22ef25,85025,627,2025-09-16
df8b9d7b,71184,552,2025-09-08
516df084,71275,259,2025-09-03
20f4cf2a,77064,706,2025-09-02
0d84807f,38091,76,2025-09-03
5053de15,10947,395,2025-08-31
0df1fa09,23508,116,2025-09-29
7d298d1a,98972,132,2025-09-08
079a6e6e,88382,87,2025-09-19
0be6d04f,16928,125,2025-09-07
5fd19bd5,74145,155,2025-09-01
a908d200,68683,741,2025-09-29
58d3b900,17228,862,2025-09-01
51a6404c,24001,249,2025-09-22
7ab177f1,46372,748,2025-09-04
47173879,38643,875,2025-09-27
a141bed4,95200,660,2025-09-25
01d57f99,98162,964,2025-09-25
e11b3878,32263,143,2025-09-04
ef2bd268,99684,151,2025-09-19
17c2dd1c,74380,824,2025-09-04
ea52a3ee,55380,161,2025-09-21
0d03e0cb,38745,327,2025-09-17
4988d726,24731,235,2025-09-27
bdcd9e80,99675,736,2025-09-15
e67aceeb,88347,682,2025-09-17
44c0bbc4,65607,195,2025-09-12
21deb930,69996,425,2025-09-14
47c4d18e,96293,23,2025-09-28
cb74f9f0,65761,298,2025-09-16
3b3c23e5,99438,455,2025-09-13
c6f6e476,53617,775,2025-08-31
842950f2,22428,470,2025-09-09
d62a30a8,42960,673,2025-09-09
f744f87c,31977,885,2025-09-11
96938505,13201,480,2025-09-08
5587cf56,92188,534,2025-09-08
33b139c7,53226,224,2025-09-01
a513006a,63233,744,2025-09-29
eaf51558,68274,258,2025-09-19
3832b5da,98851,138,2025-09-18
528bf8cb,69406,282,2025-09-08
f648bfc1,66933,355,2025-09-02
de64f51a,79724,479,2025-09-11
59733587,53653,9,2025-09-28
fa979488,44395,284,2025-09-03
a1e5cdda,66977,999,2025-09-27
b0a6e1a5,26667,913,2025-09-09
1933b016,75321,993,2025-09-17
e0ecb0dc,92081,784,2025-09-17
04e1e9f6,15321,416,2025-09-28
7ebcd4dc,70888,949,2025-09-23
a5de151a,57509,427,2025-09-09
f1c1cee1,79677,820,2025-09-02
b1a44249,35235,980,2025-09-21
14d29d27,59089,36,2025-09-21
45950c5f,54558,730,2025-09-12
b51be898,66843,328,2025-09-20
70dcc5b0,56575,530,2025-09-25
285d5f46,26118,283,2025-09-16
0bd4a129,59858,508,2025-09-22
aab51a80,45566,558,2025-09-03
